membersPerDimension,AmountOfDimensions,AmountOfMeasures,maxFreeDimensions,maxMembers2Dice,amountViews,maxAmountViews
10,1,1,1,1,12,12
10,2,1,1,1,43,144
10,2,1,1,2,143,144
10,2,1,2,1,44,144
10,2,1,2,2,144,144
10,3,1,1,1,94,1728
10,3,1,1,2,694,1728
10,3,1,1,3,1694,1728
10,3,1,2,1,127,1728
10,3,1,2,2,727,1728
10,3,1,2,3,1727,1728
10,3,1,3,1,128,1728
10,3,1,3,2,728,1728
10,3,1,3,3,1728,1728
10,4,1,1,1,165,20736
10,4,1,1,2,1965,20736
10,4,1,1,3,9965,20736
10,4,1,1,4,19965,20736
10,4,1,2,1,291,20736
10,4,1,2,2,2691,20736
10,4,1,2,3,10691,20736
10,4,1,2,4,20691,20736
10,4,1,3,1,335,20736
10,4,1,3,2,2735,20736
10,4,1,3,3,10735,20736
10,4,1,3,4,20735,20736
10,4,1,4,1,336,20736
10,4,1,4,2,2736,20736
10,4,1,4,3,10736,20736
10,4,1,4,4,20736,20736
10,5,1,1,1,256,248832
10,5,1,1,2,4256,248832
10,5,1,1,3,34256,248832
10,5,1,1,4,134256,248832
10,5,1,1,5,234256,248832
10,5,1,2,1,566,248832
10,5,1,2,2,7566,248832
10,5,1,2,3,47566,248832
10,5,1,2,4,147566,248832
10,5,1,2,5,247566,248832
10,5,1,3,1,776,248832
10,5,1,3,2,8776,248832
10,5,1,3,3,48776,248832
10,5,1,3,4,148776,248832
10,5,1,3,5,248776,248832
10,5,1,4,1,831,248832
10,5,1,4,2,8831,248832
10,5,1,4,3,48831,248832
10,5,1,4,4,148831,248832
10,5,1,4,5,248831,248832
10,5,1,5,1,832,248832
10,5,1,5,2,8832,248832
10,5,1,5,3,48832,248832
10,5,1,5,4,148832,248832
10,5,1,5,5,248832,248832
10,6,1,1,1,367,2985984
10,6,1,1,2,7867,2985984
10,6,1,1,3,87867,2985984
10,6,1,1,4,537867,2985984
10,6,1,1,5,1737867,2985984
10,6,1,1,6,2737867,2985984
10,6,1,2,1,982,2985984
10,6,1,2,2,17482,2985984
10,6,1,2,3,157482,2985984
10,6,1,2,4,757482,2985984
10,6,1,2,5,1957482,2985984
10,6,1,2,6,2957482,2985984
10,6,1,3,1,1602,2985984
10,6,1,3,2,24102,2985984
10,6,1,3,3,184102,2985984
10,6,1,3,4,784102,2985984
10,6,1,3,5,1984102,2985984
10,6,1,3,6,2984102,2985984
10,6,1,4,1,1917,2985984
10,6,1,4,2,25917,2985984
10,6,1,4,3,185917,2985984
10,6,1,4,4,785917,2985984
10,6,1,4,5,1985917,2985984
10,6,1,4,6,2985917,2985984
10,6,1,5,1,1983,2985984
10,6,1,5,2,25983,2985984
10,6,1,5,3,185983,2985984
10,6,1,5,4,785983,2985984
10,6,1,5,5,1985983,2985984
10,6,1,5,6,2985983,2985984
10,6,1,6,1,1984,2985984
10,6,1,6,2,25984,2985984
10,6,1,6,3,185984,2985984
10,6,1,6,4,785984,2985984
10,6,1,6,5,1985984,2985984
10,6,1,6,6,2985984,2985984
10,7,1,1,1,498,35831808
10,7,1,1,2,13098,35831808
10,7,1,1,3,188098,35831808
10,7,1,1,4,1588098,35831808
10,7,1,1,5,7888098,35831808
10,7,1,1,6,21888098,35831808
10,7,1,1,7,31888098,35831808
10,7,1,2,1,1569,35831808
10,7,1,2,2,35169,35831808
10,7,1,2,3,420169,35831808
10,7,1,2,4,2870169,35831808
10,7,1,2,5,11270169,35831808
10,7,1,2,6,25270169,35831808
10,7,1,2,7,35270169,35831808
10,7,1,3,1,3004,35831808
10,7,1,3,2,57604,35831808
10,7,1,3,3,582604,35831808
10,7,1,3,4,3382604,35831808
10,7,1,3,5,11782604,35831808
10,7,1,3,6,25782604,35831808
10,7,1,3,7,35782604,35831808
10,7,1,4,1,4089,35831808
10,7,1,4,2,69189,35831808
10,7,1,4,3,629189,35831808
10,7,1,4,4,3429189,35831808
10,7,1,4,5,11829189,35831808
10,7,1,4,6,25829189,35831808
10,7,1,4,7,35829189,35831808
10,7,1,5,1,4530,35831808
10,7,1,5,2,71730,35831808
10,7,1,5,3,631730,35831808
10,7,1,5,4,3431730,35831808
10,7,1,5,5,11831730,35831808
10,7,1,5,6,25831730,35831808
10,7,1,5,7,35831730,35831808
10,7,1,6,1,4607,35831808
10,7,1,6,2,71807,35831808
10,7,1,6,3,631807,35831808
10,7,1,6,4,3431807,35831808
10,7,1,6,5,11831807,35831808
10,7,1,6,6,25831807,35831808
10,7,1,6,7,35831807,35831808
10,7,1,7,1,4608,35831808
10,7,1,7,2,71808,35831808
10,7,1,7,3,631808,35831808
10,7,1,7,4,3431808,35831808
10,7,1,7,5,11831808,35831808
10,7,1,7,6,25831808,35831808
10,7,1,7,7,35831808,35831808
10,8,1,1,1,649,429981696
10,8,1,1,2,20249,429981696
10,8,1,1,3,356249,429981696
10,8,1,1,4,3856249,429981696
10,8,1,1,5,26256249,429981696
10,8,1,1,6,110256249,429981696
10,8,1,1,7,270256249,429981696
10,8,1,1,8,370256249,429981696
10,8,1,2,1,2357,429981696
10,8,1,2,2,63957,429981696
10,8,1,2,3,959957,429981696
10,8,1,2,4,8659957,429981696
10,8,1,2,5,47859957,429981696
10,8,1,2,6,159859957,429981696
10,8,1,2,7,319859957,429981696
10,8,1,2,8,419859957,429981696
10,8,1,3,1,5213,429981696
10,8,1,3,2,122813,429981696
10,8,1,3,3,1578813,429981696
10,8,1,3,4,12078813,429981696
10,8,1,3,5,56878813,429981696
10,8,1,3,6,168878813,429981696
10,8,1,3,7,328878813,429981696
10,8,1,3,8,428878813,429981696
10,8,1,4,1,8083,429981696
10,8,1,4,2,167683,429981696
10,8,1,4,3,1903683,429981696
10,8,1,4,4,13103683,429981696
10,8,1,4,5,57903683,429981696
10,8,1,4,6,169903683,429981696
10,8,1,4,7,329903683,429981696
10,8,1,4,8,429903683,429981696
10,8,1,5,1,9819,429981696
10,8,1,5,2,186219,429981696
10,8,1,5,3,1978219,429981696
10,8,1,5,4,13178219,429981696
10,8,1,5,5,57978219,429981696
10,8,1,5,6,169978219,429981696
10,8,1,5,7,329978219,429981696
10,8,1,5,8,429978219,429981696
10,8,1,6,1,10407,429981696
10,8,1,6,2,189607,429981696
10,8,1,6,3,1981607,429981696
10,8,1,6,4,13181607,429981696
10,8,1,6,5,57981607,429981696
10,8,1,6,6,169981607,429981696
10,8,1,6,7,329981607,429981696
10,8,1,6,8,429981607,429981696
10,8,1,7,1,10495,429981696
10,8,1,7,2,189695,429981696
10,8,1,7,3,1981695,429981696
10,8,1,7,4,13181695,429981696
10,8,1,7,5,57981695,429981696
10,8,1,7,6,169981695,429981696
10,8,1,7,7,329981695,429981696
10,8,1,7,8,429981695,429981696
10,8,1,8,1,10496,429981696
10,8,1,8,2,189696,429981696
10,8,1,8,3,1981696,429981696
10,8,1,8,4,13181696,429981696
10,8,1,8,5,57981696,429981696
10,8,1,8,6,169981696,429981696
10,8,1,8,7,329981696,429981696
10,8,1,8,8,429981696,429981696
10,9,1,1,1,820,5159780352
10,9,1,1,2,29620,5159780352
10,9,1,1,3,617620,5159780352
10,9,1,1,4,8177620,5159780352
10,9,1,1,5,71177620,5159780352
10,9,1,1,6,407177620,5159780352
10,9,1,1,7,1487177620,5159780352
10,9,1,1,8,3287177620,5159780352
10,9,1,1,9,4287177620,5159780352
10,9,1,2,1,3376,5159780352
10,9,1,2,2,107776,5159780352
10,9,1,2,3,1955776,5159780352
10,9,1,2,4,22115776,5159780352
10,9,1,2,5,160715776,5159780352
10,9,1,2,6,748715776,5159780352
10,9,1,2,7,2188715776,5159780352
10,9,1,2,8,3988715776,5159780352
10,9,1,2,9,4988715776,5159780352
10,9,1,3,1,8500,5159780352
10,9,1,3,2,238900,5159780352
10,9,1,3,3,3766900,5159780352
10,9,1,3,4,36526900,5159780352
10,9,1,3,5,225526900,5159780352
10,9,1,3,6,897526900,5159780352
10,9,1,3,7,2337526900,5159780352
10,9,1,3,8,4137526900,5159780352
10,9,1,3,9,5137526900,5159780352
10,9,1,4,1,14926,5159780352
10,9,1,4,2,371326,5159780352
10,9,1,4,3,5159326,5159780352
10,9,1,4,4,44219326,5159780352
10,9,1,4,5,245819326,5159780352
10,9,1,4,6,917819326,5159780352
10,9,1,4,7,2357819326,5159780352
10,9,1,4,8,4157819326,5159780352
10,9,1,4,9,5157819326,5159780352
10,9,1,5,1,20092,5159780352
10,9,1,5,2,452092,5159780352
10,9,1,5,3,5744092,5159780352
10,9,1,5,4,46064092,5159780352
10,9,1,5,5,247664092,5159780352
10,9,1,5,6,919664092,5159780352
10,9,1,5,7,2359664092,5159780352
10,9,1,5,8,4159664092,5159780352
10,9,1,5,9,5159664092,5159780352
10,9,1,6,1,22696,5159780352
10,9,1,6,2,479896,5159780352
10,9,1,6,3,5855896,5159780352
10,9,1,6,4,46175896,5159780352
10,9,1,6,5,247775896,5159780352
10,9,1,6,6,919775896,5159780352
10,9,1,6,7,2359775896,5159780352
10,9,1,6,8,4159775896,5159780352
10,9,1,6,9,5159775896,5159780352
10,9,1,7,1,23452,5159780352
10,9,1,7,2,484252,5159780352
10,9,1,7,3,5860252,5159780352
10,9,1,7,4,46180252,5159780352
10,9,1,7,5,247780252,5159780352
10,9,1,7,6,919780252,5159780352
10,9,1,7,7,2359780252,5159780352
10,9,1,7,8,4159780252,5159780352
10,9,1,7,9,5159780252,5159780352
10,9,1,8,1,23551,5159780352
10,9,1,8,2,484351,5159780352
10,9,1,8,3,5860351,5159780352
10,9,1,8,4,46180351,5159780352
10,9,1,8,5,247780351,5159780352
10,9,1,8,6,919780351,5159780352
10,9,1,8,7,2359780351,5159780352
10,9,1,8,8,4159780351,5159780352
10,9,1,8,9,5159780351,5159780352
10,9,1,9,1,23552,5159780352
10,9,1,9,2,484352,5159780352
10,9,1,9,3,5860352,5159780352
10,9,1,9,4,46180352,5159780352
10,9,1,9,5,247780352,5159780352
10,9,1,9,6,919780352,5159780352
10,9,1,9,7,2359780352,5159780352
10,9,1,9,8,4159780352,5159780352
10,9,1,9,9,5159780352,5159780352
10,10,1,1,1,1011,61917364224
10,10,1,1,2,41511,61917364224
10,10,1,1,3,1001511,61917364224
10,10,1,1,4,15701511,61917364224
10,10,1,1,5,166901511,61917364224
10,10,1,1,6,1216901511,61917364224
10,10,1,1,7,6016901511,61917364224
10,10,1,1,8,19516901511,61917364224
10,10,1,1,9,39516901511,61917364224
10,10,1,1,10,49516901511,61917364224
10,10,1,2,1,4656,61917364224
10,10,1,2,2,171156,61917364224
10,10,1,2,3,3651156,61917364224
10,10,1,2,4,49851156,61917364224
10,10,1,2,5,453051156,61917364224
10,10,1,2,6,2763051156,61917364224
10,10,1,2,7,11163051156,61917364224
10,10,1,2,8,29163051156,61917364224
10,10,1,2,9,49163051156,61917364224
10,10,1,2,10,59163051156,61917364224
10,10,1,3,1,13176,61917364224
10,10,1,3,2,431676,61917364224
10,10,1,3,3,8111676,61917364224
10,10,1,3,4,96311676,61917364224
10,10,1,3,5,751511676,61917364224
10,10,1,3,6,3901511676,61917364224
10,10,1,3,7,13501511676,61917364224
10,10,1,3,8,31501511676,61917364224
10,10,1,3,9,51501511676,61917364224
10,10,1,3,10,61501511676,61917364224
10,10,1,4,1,25986,61917364224
10,10,1,4,2,759486,61917364224
10,10,1,4,3,12639486,61917364224
10,10,1,4,4,132339486,61917364224
10,10,1,4,5,913539486,61917364224
10,10,1,4,6,4273539486,61917364224
10,10,1,4,7,13873539486,61917364224
10,10,1,4,8,31873539486,61917364224
10,10,1,4,9,51873539486,61917364224
10,10,1,4,10,61873539486,61917364224
10,10,1,5,1,38838,61917364224
10,10,1,5,2,1024338,61917364224
10,10,1,5,3,15424338,61917364224
10,10,1,5,4,147724338,61917364224
10,10,1,5,5,954124338,61917364224
10,10,1,5,6,4314124338,61917364224
10,10,1,5,7,13914124338,61917364224
10,10,1,5,8,31914124338,61917364224
10,10,1,5,9,51914124338,61917364224
10,10,1,5,10,61914124338,61917364224
10,10,1,6,1,47448,61917364224
10,10,1,6,2,1158948,61917364224
10,10,1,6,3,16398948,61917364224
10,10,1,6,4,150798948,61917364224
10,10,1,6,5,957198948,61917364224
10,10,1,6,6,4317198948,61917364224
10,10,1,6,7,13917198948,61917364224
10,10,1,6,8,31917198948,61917364224
10,10,1,6,9,51917198948,61917364224
10,10,1,6,10,61917198948,61917364224
10,10,1,7,1,51168,61917364224
10,10,1,7,2,1198668,61917364224
10,10,1,7,3,16558668,61917364224
10,10,1,7,4,150958668,61917364224
10,10,1,7,5,957358668,61917364224
10,10,1,7,6,4317358668,61917364224
10,10,1,7,7,13917358668,61917364224
10,10,1,7,8,31917358668,61917364224
10,10,1,7,9,51917358668,61917364224
10,10,1,7,10,61917358668,61917364224
10,10,1,8,1,52113,61917364224
10,10,1,8,2,1204113,61917364224
10,10,1,8,3,16564113,61917364224
10,10,1,8,4,150964113,61917364224
10,10,1,8,5,957364113,61917364224
10,10,1,8,6,4317364113,61917364224
10,10,1,8,7,13917364113,61917364224
10,10,1,8,8,31917364113,61917364224
10,10,1,8,9,51917364113,61917364224
10,10,1,8,10,61917364113,61917364224
10,10,1,9,1,52223,61917364224
10,10,1,9,2,1204223,61917364224
10,10,1,9,3,16564223,61917364224
10,10,1,9,4,150964223,61917364224
10,10,1,9,5,957364223,61917364224
10,10,1,9,6,4317364223,61917364224
10,10,1,9,7,13917364223,61917364224
10,10,1,9,8,31917364223,61917364224
10,10,1,9,9,51917364223,61917364224
10,10,1,9,10,61917364223,61917364224
10,10,1,10,1,52224,61917364224
10,10,1,10,2,1204224,61917364224
10,10,1,10,3,16564224,61917364224
10,10,1,10,4,150964224,61917364224
10,10,1,10,5,957364224,61917364224
10,10,1,10,6,4317364224,61917364224
10,10,1,10,7,13917364224,61917364224
10,10,1,10,8,31917364224,61917364224
10,10,1,10,9,51917364224,61917364224
10,10,1,10,10,61917364224,61917364224
10,11,1,1,1,1222,743008370688
10,11,1,1,2,56222,743008370688
10,11,1,1,3,1541222,743008370688
10,11,1,1,4,27941222,743008370688
10,11,1,1,5,351341222,743008370688
10,11,1,1,6,3123341222,743008370688
10,11,1,1,7,19623341222,743008370688
10,11,1,1,8,85623341222,743008370688
10,11,1,1,9,250623341222,743008370688
10,11,1,1,10,470623341222,743008370688
10,11,1,1,11,570623341222,743008370688
10,11,1,2,1,6227,743008370688
10,11,1,2,2,259227,743008370688
10,11,1,2,3,6364227,743008370688
10,11,1,2,4,102064227,743008370688
10,11,1,2,5,1118464227,743008370688
10,11,1,2,6,8510464227,743008370688
10,11,1,2,7,44810464227,743008370688
10,11,1,2,8,160310464227,743008370688
10,11,1,2,9,380310464227,743008370688
10,11,1,2,10,600310464227,743008370688
10,11,1,2,11,700310464227,743008370688
10,11,1,3,1,19592,743008370688
10,11,1,3,2,734592,743008370688
10,11,1,3,3,16079592,743008370688
10,11,1,3,4,227279592,743008370688
10,11,1,3,5,2167679592,743008370688
10,11,1,3,6,14179679592,743008370688
10,11,1,3,7,63679679592,743008370688
10,11,1,3,8,195679679592,743008370688
10,11,1,3,9,415679679592,743008370688
10,11,1,3,10,635679679592,743008370688
10,11,1,3,11,735679679592,743008370688
10,11,1,4,1,43022,743008370688
10,11,1,4,2,1451022,743008370688
10,11,1,4,3,28346022,743008370688
10,11,1,4,4,355046022,743008370688
10,11,1,4,5,2988446022,743008370688
10,11,1,4,6,17310446022,743008370688
10,11,1,4,7,70110446022,743008370688
10,11,1,4,8,202110446022,743008370688
10,11,1,4,9,422110446022,743008370688
10,11,1,4,10,642110446022,743008370688
10,11,1,4,11,742110446022,743008370688
10,11,1,5,1,71204,743008370688
10,11,1,5,2,2172204,743008370688
10,11,1,5,3,38307204,743008370688
10,11,1,5,4,434307204,743008370688
10,11,1,5,5,3344907204,743008370688
10,11,1,5,6,18128907204,743008370688
10,11,1,5,7,70928907204,743008370688
10,11,1,5,8,202928907204,743008370688
10,11,1,5,9,422928907204,743008370688
10,11,1,5,10,642928907204,743008370688
10,11,1,5,11,742928907204,743008370688
10,11,1,6,1,94766,743008370688
10,11,1,6,2,2657766,743008370688
10,11,1,6,3,43412766,743008370688
10,11,1,6,4,462512766,743008370688
10,11,1,6,5,3419312766,743008370688
10,11,1,6,6,18203312766,743008370688
10,11,1,6,7,71003312766,743008370688
10,11,1,6,8,203003312766,743008370688
10,11,1,6,9,423003312766,743008370688
10,11,1,6,10,643003312766,743008370688
10,11,1,6,11,743003312766,743008370688
10,11,1,7,1,108296,743008370688
10,11,1,7,2,2869296,743008370688
10,11,1,7,3,44944296,743008370688
10,11,1,7,4,467344296,743008370688
10,11,1,7,5,3424144296,743008370688
10,11,1,7,6,18208144296,743008370688
10,11,1,7,7,71008144296,743008370688
10,11,1,7,8,203008144296,743008370688
10,11,1,7,9,423008144296,743008370688
10,11,1,7,10,643008144296,743008370688
10,11,1,7,11,743008144296,743008370688
10,11,1,8,1,113411,743008370688
10,11,1,8,2,2923911,743008370688
10,11,1,8,3,45163911,743008370688
10,11,1,8,4,467563911,743008370688
10,11,1,8,5,3424363911,743008370688
10,11,1,8,6,18208363911,743008370688
10,11,1,8,7,71008363911,743008370688
10,11,1,8,8,203008363911,743008370688
10,11,1,8,9,423008363911,743008370688
10,11,1,8,10,643008363911,743008370688
10,11,1,8,11,743008363911,743008370688
10,11,1,9,1,114566,743008370688
10,11,1,9,2,2930566,743008370688
10,11,1,9,3,45170566,743008370688
10,11,1,9,4,467570566,743008370688
10,11,1,9,5,3424370566,743008370688
10,11,1,9,6,18208370566,743008370688
10,11,1,9,7,71008370566,743008370688
10,11,1,9,8,203008370566,743008370688
10,11,1,9,9,423008370566,743008370688
10,11,1,9,10,643008370566,743008370688
10,11,1,9,11,743008370566,743008370688
10,11,1,10,1,114687,743008370688
10,11,1,10,2,2930687,743008370688
10,11,1,10,3,45170687,743008370688
10,11,1,10,4,467570687,743008370688
10,11,1,10,5,3424370687,743008370688
10,11,1,10,6,18208370687,743008370688
10,11,1,10,7,71008370687,743008370688
10,11,1,10,8,203008370687,743008370688
10,11,1,10,9,423008370687,743008370688
10,11,1,10,10,643008370687,743008370688
10,11,1,10,11,743008370687,743008370688
10,11,1,11,1,114688,743008370688
10,11,1,11,2,2930688,743008370688
10,11,1,11,3,45170688,743008370688
10,11,1,11,4,467570688,743008370688
10,11,1,11,5,3424370688,743008370688
10,11,1,11,6,18208370688,743008370688
10,11,1,11,7,71008370688,743008370688
10,11,1,11,8,203008370688,743008370688
10,11,1,11,9,423008370688,743008370688
10,11,1,11,10,643008370688,743008370688
10,11,1,11,11,743008370688,743008370688
10,12,1,1,1,1453,8916100448256
10,12,1,1,2,74053,8916100448256
10,12,1,1,3,2274053,8916100448256
10,12,1,1,4,46824053,8916100448256
10,12,1,1,5,680424053,8916100448256
10,12,1,1,6,7148424053,8916100448256
10,12,1,1,7,54668424053,8916100448256
10,12,1,1,8,302168424053,8916100448256
10,12,1,1,9,1182168424053,8916100448256
10,12,1,1,10,3162168424053,8916100448256
10,12,1,1,11,5562168424053,8916100448256
10,12,1,1,12,6562168424053,8916100448256
10,12,1,2,1,8119,8916100448256
10,12,1,2,2,377719,8916100448256
10,12,1,2,3,10497719,8916100448256
10,12,1,2,4,193647719,8916100448256
10,12,1,2,5,2490447719,8916100448256
10,12,1,2,6,22818447719,8916100448256
10,12,1,2,7,149538447719,8916100448256
10,12,1,2,8,694038447719,8916100448256
10,12,1,2,9,2234038447719,8916100448256
10,12,1,2,10,4874038447719,8916100448256
10,12,1,2,11,7274038447719,8916100448256
10,12,1,2,12,8274038447719,8916100448256
10,12,1,3,1,28139,8916100448256
10,12,1,3,2,1189739,8916100448256
10,12,1,3,3,29789739,8916100448256
10,12,1,3,4,490139739,8916100448256
10,12,1,3,5,5558939739,8916100448256
10,12,1,3,6,44366939739,8916100448256
10,12,1,3,7,250286939739,8916100448256
10,12,1,3,8,992786939739,8916100448256
10,12,1,3,9,2752786939739,8916100448256
10,12,1,3,10,5392786939739,8916100448256
10,12,1,3,11,7792786939739,8916100448256
10,12,1,3,12,8792786939739,8916100448256
10,12,1,4,1,68234,8916100448256
10,12,1,4,2,2615834,8916100448256
10,12,1,4,3,58935834,8916100448256
10,12,1,4,4,865785834,8916100448256
10,12,1,4,5,8706585834,8916100448256
10,12,1,4,6,61374585834,8916100448256
10,12,1,4,7,306894585834,8916100448256
10,12,1,4,8,1098894585834,8916100448256
10,12,1,4,9,2858894585834,8916100448256
10,12,1,4,10,5498894585834,8916100448256
10,12,1,4,11,7898894585834,8916100448256
10,12,1,4,12,8898894585834,8916100448256
10,12,1,5,1,124466,8916100448256
10,12,1,5,2,4335266,8916100448256
10,12,1,5,3,88375266,8916100448256
10,12,1,5,4,1172425266,8916100448256
10,12,1,5,5,10676425266,8916100448256
10,12,1,5,6,68888425266,8916100448256
10,12,1,5,7,322328425266,8916100448256
10,12,1,5,8,1114328425266,8916100448256
10,12,1,5,9,2874328425266,8916100448256
10,12,1,5,10,5514328425266,8916100448256
10,12,1,5,11,7914328425266,8916100448256
10,12,1,5,12,8914328425266,8916100448256
10,12,1,6,1,180830,8916100448256
10,12,1,6,2,5777630,8916100448256
10,12,1,6,3,108297630,8916100448256
10,12,1,6,4,1330947630,8916100448256
10,12,1,6,5,11389347630,8916100448256
10,12,1,6,6,70525347630,8916100448256
10,12,1,6,7,323965347630,8916100448256
10,12,1,6,8,1115965347630,8916100448256
10,12,1,6,9,2875965347630,8916100448256
10,12,1,6,10,5515965347630,8916100448256
10,12,1,6,11,7915965347630,8916100448256
10,12,1,6,12,8915965347630,8916100448256
10,12,1,7,1,221222,8916100448256
10,12,1,7,2,6610022,8916100448256
10,12,1,7,3,117050022,8916100448256
10,12,1,7,4,1379300022,8916100448256
10,12,1,7,5,11516900022,8916100448256
10,12,1,7,6,70652900022,8916100448256
10,12,1,7,7,324092900022,8916100448256
10,12,1,7,8,1116092900022,8916100448256
10,12,1,7,9,2876092900022,8916100448256
10,12,1,7,10,5516092900022,8916100448256
10,12,1,7,11,7916092900022,8916100448256
10,12,1,7,12,8916092900022,8916100448256
10,12,1,8,1,241517,8916100448256
10,12,1,8,2,6927317,8916100448256
10,12,1,8,3,119347317,8916100448256
10,12,1,8,4,1386547317,8916100448256
10,12,1,8,5,11524147317,8916100448256
10,12,1,8,6,70660147317,8916100448256
10,12,1,8,7,324100147317,8916100448256
10,12,1,8,8,1116100147317,8916100448256
10,12,1,8,9,2876100147317,8916100448256
10,12,1,8,10,5516100147317,8916100448256
10,12,1,8,11,7916100147317,8916100448256
10,12,1,8,12,8916100147317,8916100448256
10,12,1,9,1,248337,8916100448256
10,12,1,9,2,7000137,8916100448256
10,12,1,9,3,119640137,8916100448256
10,12,1,9,4,1386840137,8916100448256
10,12,1,9,5,11524440137,8916100448256
10,12,1,9,6,70660440137,8916100448256
10,12,1,9,7,324100440137,8916100448256
10,12,1,9,8,1116100440137,8916100448256
10,12,1,9,9,2876100440137,8916100448256
10,12,1,9,10,5516100440137,8916100448256
10,12,1,9,11,7916100440137,8916100448256
10,12,1,9,12,8916100440137,8916100448256
10,12,1,10,1,249723,8916100448256
10,12,1,10,2,7008123,8916100448256
10,12,1,10,3,119648123,8916100448256
10,12,1,10,4,1386848123,8916100448256
10,12,1,10,5,11524448123,8916100448256
10,12,1,10,6,70660448123,8916100448256
10,12,1,10,7,324100448123,8916100448256
10,12,1,10,8,1116100448123,8916100448256
10,12,1,10,9,2876100448123,8916100448256
10,12,1,10,10,5516100448123,8916100448256
10,12,1,10,11,7916100448123,8916100448256
10,12,1,10,12,8916100448123,8916100448256
10,12,1,11,1,249855,8916100448256
10,12,1,11,2,7008255,8916100448256
10,12,1,11,3,119648255,8916100448256
10,12,1,11,4,1386848255,8916100448256
10,12,1,11,5,11524448255,8916100448256
10,12,1,11,6,70660448255,8916100448256
10,12,1,11,7,324100448255,8916100448256
10,12,1,11,8,1116100448255,8916100448256
10,12,1,11,9,2876100448255,8916100448256
10,12,1,11,10,5516100448255,8916100448256
10,12,1,11,11,7916100448255,8916100448256
10,12,1,11,12,8916100448255,8916100448256
10,12,1,12,1,249856,8916100448256
10,12,1,12,2,7008256,8916100448256
10,12,1,12,3,119648256,8916100448256
10,12,1,12,4,1386848256,8916100448256
10,12,1,12,5,11524448256,8916100448256
10,12,1,12,6,70660448256,8916100448256
10,12,1,12,7,324100448256,8916100448256
10,12,1,12,8,1116100448256,8916100448256
10,12,1,12,9,2876100448256,8916100448256
10,12,1,12,10,5516100448256,8916100448256
10,12,1,12,11,7916100448256,8916100448256
10,12,1,12,12,8916100448256,8916100448256
10,13,1,1,1,1695,106993205379072
10,13,1,1,2,95295,106993205379072
10,13,1,1,3,3241295,106993205379072
10,13,1,1,4,74741295,106993205379072
10,13,1,1,5,1233041295,106993205379072
10,13,1,1,6,14961041295,106993205379072
10,13,1,1,7,135081041295,106993205379072
10,13,1,1,8,907281041295,106993205379072
10,13,1,1,9,4482281041295,106993205379072
10,13,1,1,10,15922281041295,106993205379072
10,13,1,1,11,39322281041295,106993205379072
10,13,1,1,12,65322281041295,106993205379072
10,13,1,1,13,75322281041295,106993205379072
10,13,1,2,1,10299,106993205379072
10,13,1,2,2,532899,106993205379072
10,13,1,2,3,16548899,106993205379072
10,13,1,2,4,345448899,106993205379072
10,13,1,2,5,5107348899,106993205379072
10,13,1,2,6,54871348899,106993205379072
10,13,1,2,7,432391348899,106993205379072
10,13,1,2,8,2491591348899,106993205379072
10,13,1,2,9,10356591348899,106993205379072
10,13,1,2,10,30376591348899,106993205379072
10,13,1,2,11,61576591348899,106993205379072
10,13,1,2,12,87576591348899,106993205379072
10,13,1,2,13,97576591348899,106993205379072
10,13,1,3,1,38987,106993205379072
10,13,1,3,2,1848587,106993205379072
10,13,1,3,3,52184587,106993205379072
10,13,1,3,4,981684587,106993205379072
10,13,1,3,5,12950784587,106993205379072
10,13,1,3,6,122774784587,106993205379072
10,13,1,3,7,843494784587,106993205379072
10,13,1,3,8,4189694784587,106993205379072
10,13,1,3,9,14914694784587,106993205379072
10,13,1,3,10,37794694784587,106993205379072
10,13,1,3,11,68994694784587,106993205379072
10,13,1,3,12,94994694784587,106993205379072
10,13,1,3,13,104994694784587,106993205379072
10,13,1,4,1,103558,106993205379072
10,13,1,4,2,4487158,106993205379072
10,13,1,4,3,114883158,106993205379072
10,13,1,4,4,1945283158,106993205379072
10,13,1,4,5,22923383158,106993205379072
10,13,1,4,6,192807383158,106993205379072
10,13,1,4,7,1170927383158,106993205379072
10,13,1,4,8,5160627383158,106993205379072
10,13,1,4,9,16600627383158,106993205379072
10,13,1,4,10,39480627383158,106993205379072
10,13,1,4,11,70680627383158,106993205379072
10,13,1,4,12,96680627383158,106993205379072
10,13,1,4,13,106680627383158,106993205379072
10,13,1,5,1,206917,106993205379072
10,13,1,5,2,8194117,106993205379072
10,13,1,5,3,190662117,106993205379072
10,13,1,5,4,2921962117,106993205379072
10,13,1,5,5,31107262117,106993205379072
10,13,1,5,6,237027262117,106993205379072
10,13,1,5,7,1318107262117,106993205379072
10,13,1,5,8,5436507262117,106993205379072
10,13,1,5,9,16876507262117,106993205379072
10,13,1,5,10,39756507262117,106993205379072
10,13,1,5,11,70956507262117,106993205379072
10,13,1,5,12,96956507262117,106993205379072
10,13,1,5,13,106956507262117,106993205379072
10,13,1,6,1,327569,106993205379072
10,13,1,6,2,11918369,106993205379072
10,13,1,6,3,254446369,106993205379072
10,13,1,6,4,3586346369,106993205379072
10,13,1,6,5,35375246369,106993205379072
10,13,1,6,6,253307246369,106993205379072
10,13,1,6,7,1351547246369,106993205379072
10,13,1,6,8,5469947246369,106993205379072
10,13,1,6,9,16909947246369,106993205379072
10,13,1,6,10,39789947246369,106993205379072
10,13,1,6,11,70989947246369,106993205379072
10,13,1,6,12,96989947246369,106993205379072
10,13,1,6,13,106989947246369,106993205379072
10,13,1,7,1,431061,106993205379072
10,13,1,7,2,14595861,106993205379072
10,13,1,7,3,291443861,106993205379072
10,13,1,7,4,3880743861,106993205379072
10,13,1,7,5,36699243861,106993205379072
10,13,1,7,6,256347243861,106993205379072
10,13,1,7,7,1354587243861,106993205379072
10,13,1,7,8,5472987243861,106993205379072
10,13,1,7,9,16912987243861,106993205379072
10,13,1,7,10,39792987243861,106993205379072
10,13,1,7,11,70992987243861,106993205379072
10,13,1,7,12,96992987243861,106993205379072
10,13,1,7,13,106992987243861,106993205379072
10,13,1,8,1,495810,106993205379072
10,13,1,8,2,15947610,106993205379072
10,13,1,8,3,305665610,106993205379072
10,13,1,8,4,3959315610,106993205379072
10,13,1,8,5,36906515610,106993205379072
10,13,1,8,6,256554515610,106993205379072
10,13,1,8,7,1354794515610,106993205379072
10,13,1,8,8,5473194515610,106993205379072
10,13,1,8,9,16913194515610,106993205379072
10,13,1,8,10,39793194515610,106993205379072
10,13,1,8,11,70993194515610,106993205379072
10,13,1,8,12,96993194515610,106993205379072
10,13,1,8,13,106993194515610,106993205379072
10,13,1,9,1,524631,106993205379072
10,13,1,9,2,16405431,106993205379072
10,13,1,9,3,308983431,106993205379072
10,13,1,9,4,3969783431,106993205379072
10,13,1,9,5,36916983431,106993205379072
10,13,1,9,6,256564983431,106993205379072
10,13,1,9,7,1354804983431,106993205379072
10,13,1,9,8,5473204983431,106993205379072
10,13,1,9,9,16913204983431,106993205379072
10,13,1,9,10,39793204983431,106993205379072
10,13,1,9,11,70993204983431,106993205379072
10,13,1,9,12,96993204983431,106993205379072
10,13,1,9,13,106993204983431,106993205379072
10,13,1,10,1,533299,106993205379072
10,13,1,10,2,16499899,106993205379072
10,13,1,10,3,309363899,106993205379072
10,13,1,10,4,3970163899,106993205379072
10,13,1,10,5,36917363899,106993205379072
10,13,1,10,6,256565363899,106993205379072
10,13,1,10,7,1354805363899,106993205379072
10,13,1,10,8,5473205363899,106993205379072
10,13,1,10,9,16913205363899,106993205379072
10,13,1,10,10,39793205363899,106993205379072
10,13,1,10,11,70993205363899,106993205379072
10,13,1,10,12,96993205363899,106993205379072
10,13,1,10,13,106993205363899,106993205379072
10,13,1,11,1,534883,106993205379072
10,13,1,11,2,16509283,106993205379072
10,13,1,11,3,309373283,106993205379072
10,13,1,11,4,3970173283,106993205379072
10,13,1,11,5,36917373283,106993205379072
10,13,1,11,6,256565373283,106993205379072
10,13,1,11,7,1354805373283,106993205379072
10,13,1,11,8,5473205373283,106993205379072
10,13,1,11,9,16913205373283,106993205379072
10,13,1,11,10,39793205373283,106993205379072
10,13,1,11,11,70993205373283,106993205379072
10,13,1,11,12,96993205373283,106993205379072
10,13,1,11,13,106993205373283,106993205379072
10,13,1,12,1,535017,106993205379072
10,13,1,12,2,16509417,106993205379072
10,13,1,12,3,309373417,106993205379072
10,13,1,12,4,3970173417,106993205379072
10,13,1,12,5,36917373417,106993205379072
10,13,1,12,6,256565373417,106993205379072
10,13,1,12,7,1354805373417,106993205379072
10,13,1,12,8,5473205373417,106993205379072
10,13,1,12,9,16913205373417,106993205379072
10,13,1,12,10,39793205373417,106993205379072
10,13,1,12,11,70993205373417,106993205379072
10,13,1,12,12,96993205373417,106993205379072
10,13,1,12,13,106993205373417,106993205379072
10,13,1,13,1,535018,106993205379072
10,13,1,13,2,16509418,106993205379072
10,13,1,13,3,309373418,106993205379072
10,13,1,13,4,3970173418,106993205379072
10,13,1,13,5,36917373418,106993205379072
10,13,1,13,6,256565373418,106993205379072
10,13,1,13,7,1354805373418,106993205379072
10,13,1,13,8,5473205373418,106993205379072
10,13,1,13,9,16913205373418,106993205379072
10,13,1,13,10,39793205373418,106993205379072
10,13,1,13,11,70993205373418,106993205379072
10,13,1,13,12,96993205373418,106993205379072
10,13,1,13,13,106993205373418,106993205379072
10,14,1,1,1,701,1283918464548864
10,14,1,1,2,119001,1283918464548864
10,14,1,1,3,4487001,1283918464548864
10,14,1,1,4,114597001,1283918464548864
10,14,1,1,5,2116597001,1283918464548864
10,14,1,1,6,29143597001,1283918464548864
10,14,1,1,7,303703597001,1283918464548864
10,14,1,1,8,2405803597001,1283918464548864
10,14,1,1,9,14417803597001,1283918464548864
10,14,1,1,10,64467803597001,1283918464548864
10,14,1,1,11,210067803597001,1283918464548864
10,14,1,1,12,483067803597001,1283918464548864
10,14,1,1,13,763067803597001,1283918464548864
10,14,1,1,14,863067803597001,1283918464548864
10,14,1,2,1,4062,1283918464548864
10,14,1,2,2,722962,1283918464548864
10,14,1,2,3,25110962,1283918464548864
10,14,1,2,4,585670962,1283918464548864
10,14,1,2,5,9794870962,1283918464548864
10,14,1,2,6,120905870962,1283918464548864
10,14,1,2,7,1116185870962,1283918464548864
10,14,1,2,8,7722785870962,1283918464548864
10,14,1,2,9,39754785870962,1283918464548864
10,14,1,2,10,149864785870962,1283918464548864
10,14,1,2,11,404664785870962,1283918464548864
10,14,1,2,12,768664785870962,1283918464548864
10,14,1,2,13,1048664785870962,1283918464548864
10,14,1,2,14,1148664785870962,1283918464548864
10,14,1,3,1,16387,1283918464548864
10,14,1,3,2,2737287,1283918464548864
10,14,1,3,3,87185287,1283918464548864
10,14,1,3,4,1848945287,1283918464548864
10,14,1,3,5,27874945287,1283918464548864
10,14,1,3,6,307153945287,1283918464548864
10,14,1,3,7,2503633945287,1283918464548864
10,14,1,3,8,15116233945287,1283918464548864
10,14,1,3,9,67168233945287,1283918464548864
10,14,1,3,10,217318233945287,1283918464548864
10,14,1,3,11,508518233945287,1283918464548864
10,14,1,3,12,872518233945287,1283918464548864
10,14,1,3,13,1152518233945287,1283918464548864
10,14,1,3,14,1252518233945287,1283918464548864
10,14,1,4,1,47341,1283918464548864
10,14,1,4,2,7272741,1283918464548864
10,14,1,4,3,211840741,1283918464548864
10,14,1,4,4,4075700741,1283918464548864
10,14,1,4,5,55326900741,1283918464548864
10,14,1,4,6,544815900741,1283918464548864
10,14,1,4,7,3942495900741,1283918464548864
10,14,1,4,8,21059595900741,1283918464548864
10,14,1,4,9,83121595900741,1283918464548864
10,14,1,4,10,243281595900741,1283918464548864
10,14,1,4,11,534481595900741,1283918464548864
10,14,1,4,12,898481595900741,1283918464548864
10,14,1,4,13,1178481595900741,1283918464548864
10,14,1,4,14,1278481595900741,1283918464548864
10,14,1,5,1,103230,1283918464548864
10,14,1,5,2,14535830,1283918464548864
10,14,1,5,3,387271830,1283918464548864
10,14,1,5,4,6773651830,1283918464548864
10,14,1,5,5,83250051830,1283918464548864
10,14,1,5,6,740907051830,1283918464548864
10,14,1,5,7,4859307051830,1283918464548864
10,14,1,5,8,23778207051830,1283918464548864
10,14,1,5,9,87842207051830,1283918464548864
10,14,1,5,10,248002207051830,1283918464548864
10,14,1,5,11,539202207051830,1283918464548864
10,14,1,5,12,903202207051830,1283918464548864
10,14,1,5,13,1183202207051830,1283918464548864
10,14,1,5,14,1283202207051830,1283918464548864
10,14,1,6,1,177754,1283918464548864
10,14,1,6,2,23018754,1283918464548864
10,14,1,6,3,563922754,1283918464548864
10,14,1,6,4,9052402754,1283918464548864
10,14,1,6,5,102345602754,1283918464548864
10,14,1,6,6,844086602754,1283918464548864
10,14,1,6,7,5202726602754,1283918464548864
10,14,1,6,8,24421926602754,1283918464548864
10,14,1,6,9,88485926602754,1283918464548864
10,14,1,6,10,248645926602754,1283918464548864
10,14,1,6,11,539845926602754,1283918464548864
10,14,1,6,12,903845926602754,1283918464548864
10,14,1,6,13,1183845926602754,1283918464548864
10,14,1,6,14,1283845926602754,1283918464548864
10,14,1,7,1,252284,1283918464548864
10,14,1,7,2,30300484,1283918464548864
10,14,1,7,3,691324484,1283918464548864
10,14,1,7,4,10381004484,1283918464548864
10,14,1,7,5,110881404484,1283918464548864
10,14,1,7,6,876646404484,1283918464548864
10,14,1,7,7,5269606404484,1283918464548864
10,14,1,7,8,24488806404484,1283918464548864
10,14,1,7,9,88552806404484,1283918464548864
10,14,1,7,10,248712806404484,1283918464548864
10,14,1,7,11,539912806404484,1283918464548864
10,14,1,7,12,903912806404484,1283918464548864
10,14,1,7,13,1183912806404484,1283918464548864
10,14,1,7,14,1283912806404484,1283918464548864
10,14,1,8,1,308188,1283918464548864
10,14,1,8,2,34860888,1283918464548864
10,14,1,8,3,755944888,1283918464548864
10,14,1,8,4,10896074888,1283918464548864
10,14,1,8,5,113198274888,1283918464548864
10,14,1,8,6,881966274888,1283918464548864
10,14,1,8,7,5274926274888,1283918464548864
10,14,1,8,8,24494126274888,1283918464548864
10,14,1,8,9,88558126274888,1283918464548864
10,14,1,8,10,248718126274888,1283918464548864
10,14,1,8,11,539918126274888,1283918464548864
10,14,1,8,12,903918126274888,1283918464548864
10,14,1,8,13,1183918126274888,1283918464548864
10,14,1,8,14,1283918126274888,1283918464548864
10,14,1,9,1,339157,1283918464548864
10,14,1,9,2,36893857,1283918464548864
10,14,1,9,3,777997857,1283918464548864
10,14,1,9,4,11018227857,1283918464548864
10,14,1,9,5,113520627857,1283918464548864
10,14,1,9,6,882288627857,1283918464548864
10,14,1,9,7,5275248627857,1283918464548864
10,14,1,9,8,24494448627857,1283918464548864
10,14,1,9,9,88558448627857,1283918464548864
10,14,1,9,10,248718448627857,1283918464548864
10,14,1,9,11,539918448627857,1283918464548864
10,14,1,9,12,903918448627857,1283918464548864
10,14,1,9,13,1183918448627857,1283918464548864
10,14,1,9,14,1283918448627857,1283918464548864
10,14,1,10,1,351491,1283918464548864
10,14,1,10,2,37506791,1283918464548864
10,14,1,10,3,782614791,1283918464548864
10,14,1,10,4,11032854791,1283918464548864
10,14,1,10,5,113535254791,1283918464548864
10,14,1,10,6,882303254791,1283918464548864
10,14,1,10,7,5275263254791,1283918464548864
10,14,1,10,8,24494463254791,1283918464548864
10,14,1,10,9,88558463254791,1283918464548864
10,14,1,10,10,248718463254791,1283918464548864
10,14,1,10,11,539918463254791,1283918464548864
10,14,1,10,12,903918463254791,1283918464548864
10,14,1,10,13,1183918463254791,1283918464548864
10,14,1,10,14,1283918463254791,1283918464548864
10,14,1,11,1,354856,1283918464548864
10,14,1,11,2,37619356,1283918464548864
10,14,1,11,3,783091356,1283918464548864
10,14,1,11,4,11033331356,1283918464548864
10,14,1,11,5,113535731356,1283918464548864
10,14,1,11,6,882303731356,1283918464548864
10,14,1,11,7,5275263731356,1283918464548864
10,14,1,11,8,24494463731356,1283918464548864
10,14,1,11,9,88558463731356,1283918464548864
10,14,1,11,10,248718463731356,1283918464548864
10,14,1,11,11,539918463731356,1283918464548864
10,14,1,11,12,903918463731356,1283918464548864
10,14,1,11,13,1183918463731356,1283918464548864
10,14,1,11,14,1283918463731356,1283918464548864
10,14,1,12,1,355417,1283918464548864
10,14,1,12,2,37629017,1283918464548864
10,14,1,12,3,783101017,1283918464548864
10,14,1,12,4,11033341017,1283918464548864
10,14,1,12,5,113535741017,1283918464548864
10,14,1,12,6,882303741017,1283918464548864
10,14,1,12,7,5275263741017,1283918464548864
10,14,1,12,8,24494463741017,1283918464548864
10,14,1,12,9,88558463741017,1283918464548864
10,14,1,12,10,248718463741017,1283918464548864
10,14,1,12,11,539918463741017,1283918464548864
10,14,1,12,12,903918463741017,1283918464548864
10,14,1,12,13,1183918463741017,1283918464548864
10,14,1,12,14,1283918463741017,1283918464548864
10,14,1,13,1,355557,1283918464548864
10,14,1,13,2,37629157,1283918464548864
10,14,1,13,3,783101157,1283918464548864
10,14,1,13,4,11033341157,1283918464548864
10,14,1,13,5,113535741157,1283918464548864
10,14,1,13,6,882303741157,1283918464548864
10,14,1,13,7,5275263741157,1283918464548864
10,14,1,13,8,24494463741157,1283918464548864
10,14,1,13,9,88558463741157,1283918464548864
10,14,1,13,10,248718463741157,1283918464548864
10,14,1,13,11,539918463741157,1283918464548864
10,14,1,13,12,903918463741157,1283918464548864
10,14,1,13,13,1183918463741157,1283918464548864
10,14,1,13,14,1283918463741157,1283918464548864
10,14,1,14,1,355558,1283918464548864
10,14,1,14,2,37629158,1283918464548864
10,14,1,14,3,783101158,1283918464548864
10,14,1,14,4,11033341158,1283918464548864
10,14,1,14,5,113535741158,1283918464548864
10,14,1,14,6,882303741158,1283918464548864
10,14,1,14,7,5275263741158,1283918464548864
10,14,1,14,8,24494463741158,1283918464548864
10,14,1,14,9,88558463741158,1283918464548864
10,14,1,14,10,248718463741158,1283918464548864
10,14,1,14,11,539918463741158,1283918464548864
10,14,1,14,12,903918463741158,1283918464548864
10,14,1,14,13,1183918463741158,1283918464548864
10,14,1,14,14,1283918463741158,1283918464548864
10,15,1,1,1,152,15407021574586368
10,15,1,1,2,52652,15407021574586368
10,15,1,1,3,5967652,15407021574586368
10,15,1,1,4,169767652,15407021574586368
10,15,1,1,5,3473067652,15407021574586368
10,15,1,1,6,53523067652,15407021574586368
10,15,1,1,7,632673067652,15407021574586368
10,15,1,1,8,5780673067652,15407021574586368
10,15,1,1,9,40815673067652,15407021574586368
10,15,1,1,10,220995673067652,15407021574586368
10,15,1,1,11,903495673067652,15407021574586368
10,15,1,1,12,2723495673067652,15407021574586368
10,15,1,1,13,5873495673067652,15407021574586368
10,15,1,1,14,8873495673067652,15407021574586368
10,15,1,1,15,9873495673067652,15407021574586368
10,15,1,2,1,298,15407021574586368
10,15,1,2,2,304798,15407021574586368
10,15,1,2,3,36249798,15407021574586368
10,15,1,2,4,950799798,15407021574586368
10,15,1,2,5,17767599798,15407021574586368
10,15,1,2,6,247997599798,15407021574586368
10,15,1,2,7,2628947599798,15407021574586368
10,15,1,2,8,21290447599798,15407021574586368
10,15,1,2,9,131400447599798,15407021574586368
10,15,1,2,10,611880447599798,15407021574586368
10,15,1,2,11,2113380447599798,15407021574586368
10,15,1,2,12,5298380447599798,15407021574586368
10,15,1,2,13,9498380447599798,15407021574586368
10,15,1,2,14,12498380447599798,15407021574586368
10,15,1,2,15,13498380447599798,15407021574586368
10,15,1,3,1,1047,15407021574586368
10,15,1,3,2,1229547,15407021574586368
10,15,1,3,3,137274547,15407021574586368
10,15,1,3,4,3304074547,15407021574586368
10,15,1,3,5,56156874547,15407021574586368
10,15,1,3,6,706806874547,15407021574586368
10,15,1,3,7,6691356874547,15407021574586368
10,15,1,3,8,47875356874547,15407021574586368
10,15,1,3,9,258085356874547,15407021574586368
10,15,1,3,10,1038865356874547,15407021574586368
10,15,1,3,11,3086365356874547,15407021574586368
10,15,1,3,12,6726365356874547,15407021574586368
10,15,1,3,13,10926365356874547,15407021574586368
10,15,1,3,14,13926365356874547,15407021574586368
10,15,1,3,15,14926365356874547,15407021574586368
10,15,1,4,1,3149,15407021574586368
10,15,1,4,2,3552149,15407021574586368
10,15,1,4,3,364822149,15407021574586368
10,15,1,4,4,8036122149,15407021574586368
10,15,1,4,5,123951922149,15407021574586368
10,15,1,4,6,1405231922149,15407021574586368
10,15,1,4,7,11894281922149,15407021574586368
10,15,1,4,8,75600781922149,15407021574586368
10,15,1,4,9,360885781922149,15407021574586368
10,15,1,4,10,1291815781922149,15407021574586368
10,15,1,4,11,3475815781922149,15407021574586368
10,15,1,4,12,7115815781922149,15407021574586368
10,15,1,4,13,11315815781922149,15407021574586368
10,15,1,4,14,14315815781922149,15407021574586368
10,15,1,4,15,15315815781922149,15407021574586368
10,15,1,5,1,7503,15407021574586368
10,15,1,5,2,7746003,15407021574586368
10,15,1,5,3,729376003,15407021574586368
10,15,1,5,4,14706976003,15407021574586368
10,15,1,5,5,206298376003,15407021574586368
10,15,1,5,6,2118208376003,15407021574586368
10,15,1,5,7,16210858376003,15407021574586368
10,15,1,5,8,93430858376003,15407021574586368
10,15,1,5,9,408745858376003,15407021574586368
10,15,1,5,10,1369705858376003,15407021574586368
10,15,1,5,11,3553705858376003,15407021574586368
10,15,1,5,12,7193705858376003,15407021574586368
10,15,1,5,13,11393705858376003,15407021574586368
10,15,1,5,14,14393705858376003,15407021574586368
10,15,1,5,15,15393705858376003,15407021574586368
10,15,1,6,1,14110,15407021574586368
10,15,1,6,2,13338610,15407021574586368
10,15,1,6,3,1155388610,15407021574586368
10,15,1,6,4,21439288610,15407021574586368
10,15,1,6,5,276093688610,15407021574586368
10,15,1,6,6,2608423688610,15407021574586368
10,15,1,6,7,18502873688610,15407021574586368
10,15,1,6,8,100227373688610,15407021574586368
10,15,1,6,9,420547373688610,15407021574586368
10,15,1,6,10,1381507373688610,15407021574586368
10,15,1,6,11,3565507373688610,15407021574586368
10,15,1,6,12,7205507373688610,15407021574586368
10,15,1,6,13,11405507373688610,15407021574586368
10,15,1,6,14,14405507373688610,15407021574586368
10,15,1,6,15,15405507373688610,15407021574586368
10,15,1,7,1,21619,15407021574586368
10,15,1,7,2,18932119,15407021574586368
10,15,1,7,3,1521342119,15407021574586368
10,15,1,7,4,26309742119,15407021574586368
10,15,1,7,5,317000142119,15407021574586368
10,15,1,7,6,2829510142119,15407021574586368
10,15,1,7,7,19238760142119,15407021574586368
10,15,1,7,8,101606760142119,15407021574586368
10,15,1,7,9,421926760142119,15407021574586368
10,15,1,7,10,1382886760142119,15407021574586368
10,15,1,7,11,3566886760142119,15407021574586368
10,15,1,7,12,7206886760142119,15407021574586368
10,15,1,7,13,11406886760142119,15407021574586368
10,15,1,7,14,14406886760142119,15407021574586368
10,15,1,7,15,15406886760142119,15407021574586368
10,15,1,8,1,28228,15407021574586368
10,15,1,8,2,23128228,15407021574586368
10,15,1,8,3,1750763228,15407021574586368
10,15,1,8,4,28791413228,15407021574586368
10,15,1,8,5,332995313228,15407021574586368
10,15,1,8,6,2890550313228,15407021574586368
10,15,1,8,7,19364150313228,15407021574586368
10,15,1,8,8,101732150313228,15407021574586368
10,15,1,8,9,422052150313228,15407021574586368
10,15,1,8,10,1383012150313228,15407021574586368
10,15,1,8,11,3567012150313228,15407021574586368
10,15,1,8,12,7207012150313228,15407021574586368
10,15,1,8,13,11407012150313228,15407021574586368
10,15,1,8,14,14407012150313228,15407021574586368
10,15,1,8,15,15407012150313228,15407021574586368
10,15,1,9,1,32585,15407021574586368
10,15,1,9,2,25453085,15407021574586368
10,15,1,9,3,1853188085,15407021574586368
10,15,1,9,4,29644588085,15407021574586368
10,15,1,9,5,336851488085,15407021574586368
10,15,1,9,6,2899411488085,15407021574586368
10,15,1,9,7,19373011488085,15407021574586368
10,15,1,9,8,101741011488085,15407021574586368
10,15,1,9,9,422061011488085,15407021574586368
10,15,1,9,10,1383021011488085,15407021574586368
10,15,1,9,11,3567021011488085,15407021574586368
10,15,1,9,12,7207021011488085,15407021574586368
10,15,1,9,13,11407021011488085,15407021574586368
10,15,1,9,14,14407021011488085,15407021574586368
10,15,1,9,15,15407021011488085,15407021574586368
10,15,1,10,1,34689,15407021574586368
10,15,1,10,2,26379189,15407021574586368
10,15,1,10,3,1884144189,15407021574586368
10,15,1,10,4,29825694189,15407021574586368
10,15,1,10,5,337332894189,15407021574586368
10,15,1,10,6,2899892894189,15407021574586368
10,15,1,10,7,19373492894189,15407021574586368
10,15,1,10,8,101741492894189,15407021574586368
10,15,1,10,9,422061492894189,15407021574586368
10,15,1,10,10,1383021492894189,15407021574586368
10,15,1,10,11,3567021492894189,15407021574586368
10,15,1,10,12,7207021492894189,15407021574586368
10,15,1,10,13,11407021492894189,15407021574586368
10,15,1,10,14,14407021492894189,15407021574586368
10,15,1,10,15,15407021492894189,15407021574586368
10,15,1,11,1,35441,15407021574586368
10,15,1,11,2,26631941,15407021574586368
10,15,1,11,3,1889856941,15407021574586368
10,15,1,11,4,29845056941,15407021574586368
10,15,1,11,5,337352256941,15407021574586368
10,15,1,11,6,2899912256941,15407021574586368
10,15,1,11,7,19373512256941,15407021574586368
10,15,1,11,8,101741512256941,15407021574586368
10,15,1,11,9,422061512256941,15407021574586368
10,15,1,11,10,1383021512256941,15407021574586368
10,15,1,11,11,3567021512256941,15407021574586368
10,15,1,11,12,7207021512256941,15407021574586368
10,15,1,11,13,11407021512256941,15407021574586368
10,15,1,11,14,14407021512256941,15407021574586368
10,15,1,11,15,15407021512256941,15407021574586368
10,15,1,12,1,35590,15407021574586368
10,15,1,12,2,26674090,15407021574586368
10,15,1,12,3,1890354090,15407021574586368
10,15,1,12,4,29845554090,15407021574586368
10,15,1,12,5,337352754090,15407021574586368
10,15,1,12,6,2899912754090,15407021574586368
10,15,1,12,7,19373512754090,15407021574586368
10,15,1,12,8,101741512754090,15407021574586368
10,15,1,12,9,422061512754090,15407021574586368
10,15,1,12,10,1383021512754090,15407021574586368
10,15,1,12,11,3567021512754090,15407021574586368
10,15,1,12,12,7207021512754090,15407021574586368
10,15,1,12,13,11407021512754090,15407021574586368
10,15,1,12,14,14407021512754090,15407021574586368
10,15,1,12,15,15407021512754090,15407021574586368
10,15,1,13,1,35586,15407021574586368
10,15,1,13,2,26684586,15407021574586368
10,15,1,13,3,1890364586,15407021574586368
10,15,1,13,4,29845564586,15407021574586368
10,15,1,13,5,337352764586,15407021574586368
10,15,1,13,6,2899912764586,15407021574586368
10,15,1,13,7,19373512764586,15407021574586368
10,15,1,13,8,101741512764586,15407021574586368
10,15,1,13,9,422061512764586,15407021574586368
10,15,1,13,10,1383021512764586,15407021574586368
10,15,1,13,11,3567021512764586,15407021574586368
10,15,1,13,12,7207021512764586,15407021574586368
10,15,1,13,13,11407021512764586,15407021574586368
10,15,1,13,14,14407021512764586,15407021574586368
10,15,1,13,15,15407021512764586,15407021574586368
10,15,1,14,1,35737,15407021574586368
10,15,1,14,2,26684737,15407021574586368
10,15,1,14,3,1890364737,15407021574586368
10,15,1,14,4,29845564737,15407021574586368
10,15,1,14,5,337352764737,15407021574586368
10,15,1,14,6,2899912764737,15407021574586368
10,15,1,14,7,19373512764737,15407021574586368
10,15,1,14,8,101741512764737,15407021574586368
10,15,1,14,9,422061512764737,15407021574586368
10,15,1,14,10,1383021512764737,15407021574586368
10,15,1,14,11,3567021512764737,15407021574586368
10,15,1,14,12,7207021512764737,15407021574586368
10,15,1,14,13,11407021512764737,15407021574586368
10,15,1,14,14,14407021512764737,15407021574586368
10,15,1,14,15,15407021512764737,15407021574586368
10,15,1,15,1,35738,15407021574586368
10,15,1,15,2,26684738,15407021574586368
10,15,1,15,3,1890364738,15407021574586368
10,15,1,15,4,29845564738,15407021574586368
10,15,1,15,5,337352764738,15407021574586368
10,15,1,15,6,2899912764738,15407021574586368
10,15,1,15,7,19373512764738,15407021574586368
10,15,1,15,8,101741512764738,15407021574586368
10,15,1,15,9,422061512764738,15407021574586368
10,15,1,15,10,1383021512764738,15407021574586368
10,15,1,15,11,3567021512764738,15407021574586368
10,15,1,15,12,7207021512764738,15407021574586368
10,15,1,15,13,11407021512764738,15407021574586368
10,15,1,15,14,14407021512764738,15407021574586368
10,15,1,15,15,15407021512764738,15407021574586368